Model,Accuracy,AUC,Precision,Recall,F1 Score,MCC
Logistic Regression,0.7951219512195122,0.7948791166952218,0.7699115044247787,0.8446601941747572,0.8055555555555556,0.5928701370715527
Decision Tree,0.9853658536585366,0.9854368932038835,1.0,0.970873786407767,0.9852216748768473,0.9711511393019859
KNN,0.8634146341463415,0.8633637921187893,0.8571428571428571,0.8737864077669902,0.8653846153846154,0.7269351910363394
Naive Bayes,0.6780487804878049,0.6768513230534933,0.6209150326797386,0.9223300970873787,0.7421875,0.4064523322084182
Random Forest,0.9853658536585366,0.9854368932038835,1.0,0.970873786407767,0.9852216748768473,0.9711511393019859
XGBoost,0.9853658536585366,0.9854368932038835,1.0,0.970873786407767,0.9852216748768473,0.9711511393019859
